{
  "run_id": "beta_n50_c2__seed123_proposed",
  "timestamp_utc": "2026-02-11T09:59:21.623300Z",
  "cfg_hash": "d16cc5355e345eea843bef22ad38b1181ced985d2ea0cc560901f8a6f5a1afb4",
  "backbone_model_id": "gpt-4.1-mini",
  "prompt_hashes": [
    "375910d969806fc91734eaebab8d4acaf2574d84e1e74ff74f8df06749faf2b0",
    "c3814ebff277762c9eb0dc3ad019a8bcb3f0f8d6dd7c80c00f3203664cc0af17",
    "ea9918abbeadee43c90c8641ec4f8bb67c65148240509edbbc229b7d004c498a",
    "3549d465e8122927c3163981989c3bf0dd7cdc008c75e0e8235723a628e5e5cd",
    "0a2ba169f1e7ba4c5ff4fd67da7c05fd37528f652e80809d6b8fa963523426db",
    "c89825940e65936476714aada778b9bc3fdc3dd27be7ec194a7640b9e367d0b4",
    "348d6a243c0f66e64fa11180e4feddadbd491d460c62f2a42e26634c268cbd14",
    "841f5c136466b14150c37000fc7d89b731d9af3fc728b5a257f57d0d3b02c766",
    "171832608d7193335fb39e224bf522f460e980445f95a7a21ab15e32a3b7c899",
    "55362e6c538d843df727a5c6c46ccf47ccd1557942b4060a427d64a542a9e8a2",
    "b84d9e881d31c005fe23ae0ee4fc53309de58a6df1d1dac0bd5c5b385b8a5c49"
  ],
  "purpose": "paper",
  "artifacts": {
    "manifest": true,
    "scorecards": true,
    "traces": true,
    "smoke_outputs": false,
    "manifest_bytes": 5470,
    "scorecards_bytes": 2765868,
    "traces_bytes": 2016053,
    "smoke_outputs_bytes": null
  },
  "volume": {
    "total_rows": 50,
    "rows_by_split": {
      "valid": 50
    },
    "rows_by_case_type": {
      "unknown": 50
    }
  },
  "reliability": {
    "generate_failed_rate": 0.0,
    "parse_failed_rate": 0.0,
    "fallback_used_rate": 0.0,
    "empty_output_rate": 1.0,
    "avg_aspect_count": 0
  },
  "usage": {
    "tokens_in_total": 17366,
    "tokens_out_total": 11810,
    "cost_usd_total": 0.52796,
    "latency_ms_mean": 33875.76,
    "latency_ms_p50": 28966.5,
    "latency_ms_p95": 58675.5,
    "retries_mean": 0
  },
  "integrity": {
    "split_overlap_pairs": {
      "train_valid": 0.0,
      "train_test": 0.0,
      "valid_test": 0.0
    },
    "split_overlap_any_rate": 0.0,
    "split_overlap_notes": null,
    "split_hash_counts": {
      "train": 0,
      "valid": 50,
      "test": 0
    }
  }
}