{
  "run_id": "cr_n10_m0__seed42_proposed",
  "timestamp_utc": "2026-02-12T03:10:34.544494Z",
  "cfg_hash": "90f6b41cc1aea34c07e19ea98fd215259921cd70bd42c2ffdfc547baf670e691",
  "backbone_model_id": "gpt-4.1-mini",
  "prompt_hashes": [
    "375910d969806fc91734eaebab8d4acaf2574d84e1e74ff74f8df06749faf2b0",
    "c3814ebff277762c9eb0dc3ad019a8bcb3f0f8d6dd7c80c00f3203664cc0af17",
    "ea9918abbeadee43c90c8641ec4f8bb67c65148240509edbbc229b7d004c498a",
    "3549d465e8122927c3163981989c3bf0dd7cdc008c75e0e8235723a628e5e5cd",
    "0a2ba169f1e7ba4c5ff4fd67da7c05fd37528f652e80809d6b8fa963523426db",
    "c89825940e65936476714aada778b9bc3fdc3dd27be7ec194a7640b9e367d0b4",
    "348d6a243c0f66e64fa11180e4feddadbd491d460c62f2a42e26634c268cbd14",
    "841f5c136466b14150c37000fc7d89b731d9af3fc728b5a257f57d0d3b02c766",
    "171832608d7193335fb39e224bf522f460e980445f95a7a21ab15e32a3b7c899",
    "41a51e832d694c6f68066004b6007de73c671613f27a6726e7c9665a29bca554",
    "978de4331057aa4ca09770c8c9bae013483289ad209e41f6ba84c6e959e26102",
    "d64ccb128d8485b40b1a078ff9f87088be0bf9a6637db697a49958de11506666",
    "e17505af3205cf99dafe8a801ddfaa620e3e9ffbec1829363225bdac34372614",
    "35660dc131489f3bf8a7797da2e8a45ec27411cb91fd9cbddb35e77c61fe8525",
    "4ad95c7eee2860ed3fe78e93590c67d9aeadf8ecabe0db1058ad72a4bd48d059",
    "a9e31763cafe40f6fb9263469405404b93552276a8954302315c33a6a8b69c8a",
    "55362e6c538d843df727a5c6c46ccf47ccd1557942b4060a427d64a542a9e8a2",
    "b84d9e881d31c005fe23ae0ee4fc53309de58a6df1d1dac0bd5c5b385b8a5c49"
  ],
  "purpose": "paper",
  "artifacts": {
    "manifest": true,
    "scorecards": true,
    "traces": true,
    "smoke_outputs": false,
    "manifest_bytes": 5864,
    "scorecards_bytes": 246382,
    "traces_bytes": 216344,
    "smoke_outputs_bytes": null
  },
  "volume": {
    "total_rows": 10,
    "rows_by_split": {
      "valid": 10
    },
    "rows_by_case_type": {
      "unknown": 10
    }
  },
  "reliability": {
    "generate_failed_rate": 0.0,
    "parse_failed_rate": 0.0,
    "fallback_used_rate": 0.0,
    "empty_output_rate": 1.0,
    "avg_aspect_count": 0
  },
  "usage": {
    "tokens_in_total": 2845,
    "tokens_out_total": 1337,
    "cost_usd_total": 0.06856,
    "latency_ms_mean": 20868.3,
    "latency_ms_p50": 20006.5,
    "latency_ms_p95": 26853.899999999998,
    "retries_mean": 0
  },
  "integrity": {
    "split_overlap_pairs": {
      "train_valid": 0.0,
      "train_test": 0.0,
      "valid_test": 0.0
    },
    "split_overlap_any_rate": 0.0,
    "split_overlap_notes": null,
    "split_hash_counts": {
      "train": 0,
      "valid": 10,
      "test": 0
    }
  }
}