run,tuple_f1_s1,tuple_f1_s2,delta_f1,fix_rate,break_rate,net_gain,implicit_invalid_pred_rate,polarity_conflict_rate,N_agg_fallback_used,irr_fleiss_kappa,irr_cohen_kappa_mean,irr_perfect_agreement_rate,irr_majority_agreement_rate,tuple_agreement_rate,polarity_conflict_rate_repeat,conflict_detection_rate,pre_to_post_change_rate,review_nontrivial_action_rate,arb_nonkeep_rate
cr_n50_m1__seed123_proposed,0.5104920634920636,0.6206666666666666,0.11017460317460304,0.23809523809523808,0.0,0.2,0.0,0.0,0.0,-0.14105505366998575,0.14038536579305064,0.2755905511811024,0.39763779527559057,,,0.08,0.42,0.98,0.98
cr_n50_m1__seed42_proposed,0.49196825396825394,0.6063809523809524,0.11441269841269841,0.27906976744186046,0.14285714285714285,0.22,0.0,0.0,0.0,-0.13235817346182285,0.14619868301925412,0.2896825396825397,0.42857142857142855,,,0.12,0.5,0.98,0.98
cr_n50_m1__seed456_proposed,0.48658008658008656,0.6808080808080808,0.1942279942279942,0.35714285714285715,0.0,0.30303030303030304,0.0,0.0,0.0,-0.18594329944627902,0.11503362846681135,0.2391304347826087,0.5271739130434783,,,0.030303030303030304,0.42424242424242425,1.0,1.0
