run,tuple_f1_s1,tuple_f1_s2,delta_f1,fix_rate,break_rate,net_gain,implicit_invalid_pred_rate,polarity_conflict_rate,N_agg_fallback_used,irr_fleiss_kappa,irr_cohen_kappa_mean,irr_perfect_agreement_rate,irr_majority_agreement_rate,tuple_agreement_rate,polarity_conflict_rate_repeat,conflict_detection_rate,pre_to_post_change_rate,review_nontrivial_action_rate,arb_nonkeep_rate
cr_n50_m0__seed123_proposed,0.4804285714285714,0.595,0.11457142857142855,0.21428571428571427,0.0,0.18,0.0,0.0,0.0,-0.1748022444073455,0.15783902663872293,0.2277992277992278,0.555984555984556,,,0.08,0.36,0.98,0.98
cr_n50_m0__seed42_proposed,0.4912380952380952,0.6173333333333333,0.1260952380952381,0.2558139534883721,0.0,0.22,0.0,0.0,0.0,-0.17229012847666145,0.12922639344908346,0.224,0.464,,,0.1,0.44,0.98,0.98
cr_n50_m0__seed456_proposed,0.490952380952381,0.598,0.107047619047619,0.23809523809523808,0.0,0.2,0.0,0.0,0.0,-0.14729800192046874,0.1399509376783787,0.2350597609561753,0.47808764940239046,,,0.06,0.38,0.98,0.98
